,toss_decision,avgTeam1,avgTeam2,avgWckTeam1,avgWckTeam2,team1_toss_win,team1_bat
0,1,0.0,0.0,0.0,0.0,0.0,0
1,0,0.0,0.0,0.0,0.0,1.0,1
2,0,0.0,0.0,0.0,0.0,1.0,1
3,0,0.0,0.0,0.0,0.0,1.0,1
4,0,0.0,0.0,0.0,0.0,1.0,1
5,0,0.0,0.0,0.0,0.0,1.0,1
6,0,0.0,0.0,0.0,0.0,1.0,1
7,1,0.0,0.0,0.0,0.0,0.0,0
8,1,0.0,0.0,0.0,0.0,0.0,0
9,1,0.0,0.0,0.0,0.0,0.0,0
10,1,0.0,0.0,0.0,0.0,0.0,0
11,0,0.0,0.0,0.0,0.0,1.0,1
12,1,0.0,0.0,0.0,0.0,0.0,0
13,0,0.0,0.0,0.0,0.0,1.0,1
14,0,0.0,0.0,0.0,0.0,1.0,1
15,0,0.0,0.0,0.0,0.0,1.0,1
16,1,0.0,0.0,0.0,0.0,0.0,0
17,1,0.0,0.0,0.0,0.0,0.0,0
18,0,0.0,0.0,0.0,0.0,1.0,1
19,0,0.0,0.0,0.0,0.0,1.0,1
20,0,0.0,0.0,0.0,0.0,1.0,1
21,0,0.0,0.0,0.0,0.0,1.0,1
22,1,0.0,0.0,0.0,0.0,0.0,0
23,0,0.0,0.0,0.0,0.0,1.0,1
24,1,0.0,0.0,0.0,0.0,0.0,0
25,1,0.0,0.0,0.0,0.0,0.0,0
26,1,0.0,0.0,0.0,0.0,0.0,0
27,1,0.0,0.0,0.0,0.0,0.0,0
28,0,0.0,0.0,0.0,0.0,1.0,1
29,1,0.0,0.0,0.0,0.0,0.0,0
30,1,0.0,0.0,0.0,0.0,0.0,0
31,1,0.0,0.0,0.0,0.0,0.0,0
32,0,0.0,0.0,0.0,0.0,1.0,1
33,1,0.0,0.0,0.0,0.0,0.0,0
34,0,0.0,0.0,0.0,0.0,1.0,1
35,0,0.0,0.0,0.0,0.0,1.0,1
36,1,0.0,0.0,0.0,0.0,0.0,0
37,1,0.0,0.0,0.0,0.0,0.0,0
38,1,0.0,0.0,0.0,0.0,0.0,0
39,1,0.0,0.0,0.0,0.0,0.0,0
40,0,0.0,0.0,0.0,0.0,1.0,1
41,1,0.0,0.0,0.0,0.0,0.0,0
42,1,0.0,0.0,0.0,0.0,0.0,0
43,0,0.0,0.0,0.0,0.0,1.0,1
44,1,0.0,0.0,0.0,0.0,0.0,0
45,1,0.0,0.0,0.0,0.0,0.0,0
46,1,0.0,0.0,0.0,0.0,0.0,0
47,0,0.0,0.0,0.0,0.0,1.0,1
48,1,0.0,0.0,0.0,0.0,0.0,0
49,1,0.0,0.0,0.0,0.0,0.0,0
50,0,0.0,0.0,0.0,0.0,1.0,1
51,1,0.0,0.0,0.0,0.0,0.0,0
52,0,0.0,0.0,0.0,0.0,1.0,1
53,1,0.0,0.0,0.0,0.0,0.0,0
54,0,0.0,0.0,0.0,0.0,1.0,1
55,1,0.0,0.0,0.0,0.0,0.0,0
56,0,0.0,0.0,0.0,0.0,1.0,1
57,1,0.0,0.0,0.0,0.0,0.0,0
58,1,0.7584269662921348,0.8258426966292135,0.8333333333333333,0.8333333333333333,0.0,0
59,0,0.747191011235955,0.848314606741573,0.6666666666666666,1.0,1.0,1
60,1,0.8764044943820224,0.797752808988764,0.8333333333333333,0.8333333333333333,0.0,0
61,0,0.7752808988764045,0.848314606741573,0.6666666666666666,0.6666666666666666,1.0,1
62,0,0.8258426966292135,0.747191011235955,0.8333333333333333,0.6666666666666666,1.0,1
63,1,0.8764044943820224,0.7752808988764045,0.8333333333333333,0.6666666666666666,0.0,0
64,0,0.848314606741573,0.747191011235955,0.6666666666666666,0.6666666666666666,1.0,1
65,0,0.797752808988764,0.8258426966292135,0.8333333333333333,0.8333333333333333,1.0,1
66,1,0.848314606741573,0.7752808988764045,1.0,0.6666666666666666,0.0,0
67,0,0.747191011235955,0.8764044943820224,0.6666666666666666,0.8333333333333333,1.0,1
68,0,0.848314606741573,0.7584269662921348,0.6666666666666666,0.8333333333333333,1.0,1
69,0,0.747191011235955,0.797752808988764,0.6666666666666666,0.8333333333333333,1.0,1
70,0,0.8764044943820224,0.848314606741573,0.8333333333333333,1.0,1.0,1
71,1,0.8258426966292135,0.848314606741573,0.8333333333333333,0.6666666666666666,0.0,0
72,0,0.7584269662921348,0.7752808988764045,0.8333333333333333,0.6666666666666666,1.0,1
73,0,0.797752808988764,0.848314606741573,0.8333333333333333,1.0,1.0,1
74,0,0.7752808988764045,0.747191011235955,0.6666666666666666,0.6666666666666666,1.0,1
75,0,0.8764044943820224,0.7584269662921348,0.8333333333333333,0.8333333333333333,1.0,1
76,1,0.848314606741573,0.797752808988764,0.6666666666666666,0.8333333333333333,0.0,0
77,1,0.8258426966292135,0.848314606741573,0.8333333333333333,1.0,0.0,0
78,0,0.7584269662921348,0.7752808988764045,0.8333333333333333,0.6666666666666666,1.0,1
79,0,0.747191011235955,0.8764044943820224,0.6666666666666666,0.8333333333333333,1.0,1
80,0,0.848314606741573,0.848314606741573,0.6666666666666666,1.0,1.0,1
81,1,0.8258426966292135,0.797752808988764,0.8333333333333333,0.8333333333333333,0.0,0
82,0,0.7752808988764045,0.8764044943820224,0.6666666666666666,0.8333333333333333,1.0,1
83,0,0.7584269662921348,0.747191011235955,0.8333333333333333,0.6666666666666666,1.0,1
84,0,0.8258426966292135,0.848314606741573,0.8333333333333333,0.6666666666666666,1.0,1
85,1,0.848314606741573,0.8764044943820224,1.0,0.8333333333333333,0.0,0
86,0,0.7752808988764045,0.797752808988764,0.6666666666666666,0.8333333333333333,1.0,1
87,0,0.848314606741573,0.7584269662921348,0.6666666666666666,0.8333333333333333,1.0,1
88,1,0.747191011235955,0.848314606741573,0.6666666666666666,1.0,0.0,0
89,0,0.8258426966292135,0.8764044943820224,0.8333333333333333,0.8333333333333333,1.0,1
90,0,0.7584269662921348,0.797752808988764,0.8333333333333333,0.8333333333333333,1.0,1
91,1,0.848314606741573,0.8764044943820224,0.6666666666666666,0.8333333333333333,0.0,0
92,0,0.848314606741573,0.8258426966292135,1.0,0.8333333333333333,1.0,1
93,0,0.7584269662921348,0.747191011235955,0.8333333333333333,0.6666666666666666,1.0,1
94,1,0.7752808988764045,0.797752808988764,0.6666666666666666,0.8333333333333333,0.0,0
95,0,0.848314606741573,0.848314606741573,0.6666666666666666,1.0,1.0,1
96,1,0.7752808988764045,0.747191011235955,0.6666666666666666,0.6666666666666666,0.0,0
97,0,0.8764044943820224,0.7584269662921348,0.8333333333333333,0.8333333333333333,1.0,1
98,1,0.797752808988764,0.848314606741573,0.8333333333333333,0.6666666666666666,0.0,0
99,0,0.8258426966292135,0.747191011235955,0.8333333333333333,0.6666666666666666,1.0,1
100,0,0.848314606741573,0.7584269662921348,1.0,0.8333333333333333,1.0,1
101,1,0.797752808988764,0.8764044943820224,0.8333333333333333,0.8333333333333333,0.0,0
102,0,0.7584269662921348,0.8258426966292135,0.8333333333333333,0.8333333333333333,1.0,1
103,1,0.7752808988764045,0.848314606741573,0.6666666666666666,0.6666666666666666,0.0,0
104,1,0.8764044943820224,0.848314606741573,0.8333333333333333,0.6666666666666666,0.0,0
105,0,0.797752808988764,0.848314606741573,0.8333333333333333,1.0,1.0,1
106,0,0.8258426966292135,0.7752808988764045,0.8333333333333333,0.6666666666666666,1.0,1
107,0,0.797752808988764,0.747191011235955,0.8333333333333333,0.6666666666666666,1.0,1
108,1,0.848314606741573,0.7752808988764045,1.0,0.6666666666666666,0.0,0
109,0,0.8258426966292135,0.8764044943820224,0.8333333333333333,0.8333333333333333,1.0,1
110,1,0.7584269662921348,0.797752808988764,0.8333333333333333,0.8333333333333333,0.0,0
111,0,0.747191011235955,0.848314606741573,0.6666666666666666,0.6666666666666666,1.0,1
112,1,0.797752808988764,0.848314606741573,0.8333333333333333,0.6666666666666666,0.0,0
113,1,0.8258426966292135,0.747191011235955,0.8333333333333333,0.6666666666666666,0.0,0
114,1,0.848314606741573,0.747191011235955,0.6666666666666666,0.6666666666666666,0.0,0
115,1,0.6685393258426966,0.797752808988764,0.5,1.0,0.0,0
116,0,0.7584269662921348,0.6460674157303371,0.8333333333333333,1.0,1.0,1
117,1,0.7078651685393258,0.7528089887640449,0.8333333333333333,1.0,0.0,0
118,1,0.7584269662921348,0.6685393258426966,0.6666666666666666,0.5,0.0,0
119,0,0.797752808988764,0.8314606741573034,1.0,1.0,1.0,1
120,1,0.6460674157303371,0.7528089887640449,1.0,1.0,0.0,0
121,0,0.7078651685393258,0.7584269662921348,0.8333333333333333,0.6666666666666666,1.0,1
122,0,0.8314606741573034,0.6685393258426966,1.0,0.5,1.0,1
123,1,0.7584269662921348,0.7528089887640449,0.8333333333333333,1.0,0.0,0
124,1,0.6460674157303371,0.7584269662921348,1.0,0.6666666666666666,0.0,0
125,0,0.7528089887640449,0.8314606741573034,1.0,1.0,1.0,1
126,1,0.797752808988764,0.7078651685393258,1.0,0.8333333333333333,0.0,0
127,0,0.6460674157303371,0.6685393258426966,1.0,0.5,1.0,1
128,0,0.7584269662921348,0.7584269662921348,0.8333333333333333,0.6666666666666666,1.0,1
129,0,0.797752808988764,0.7528089887640449,1.0,1.0,1.0,1
130,1,0.7078651685393258,0.8314606741573034,0.8333333333333333,1.0,0.0,0
131,0,0.6685393258426966,0.7584269662921348,0.5,0.8333333333333333,1.0,1
132,1,0.7584269662921348,0.8314606741573034,0.6666666666666666,1.0,0.0,0
133,1,0.6460674157303371,0.7078651685393258,1.0,0.8333333333333333,0.0,0
134,1,0.8314606741573034,0.7584269662921348,1.0,0.8333333333333333,0.0,0
135,0,0.797752808988764,0.6460674157303371,1.0,1.0,1.0,1
136,0,0.6685393258426966,0.7078651685393258,0.5,0.8333333333333333,1.0,1
137,1,0.7528089887640449,0.7584269662921348,1.0,0.6666666666666666,0.0,0
138,0,0.6460674157303371,0.8314606741573034,1.0,1.0,1.0,1
139,1,0.7584269662921348,0.797752808988764,0.8333333333333333,1.0,0.0,0
140,0,0.7528089887640449,0.6685393258426966,1.0,0.5,1.0,1
141,1,0.7078651685393258,0.7584269662921348,0.8333333333333333,0.8333333333333333,0.0,0
142,0,0.7584269662921348,0.8314606741573034,0.6666666666666666,1.0,1.0,1
143,0,0.7528089887640449,0.6460674157303371,1.0,1.0,1.0,1
144,0,0.6685393258426966,0.797752808988764,0.5,1.0,1.0,1
145,0,0.7078651685393258,0.7584269662921348,0.8333333333333333,0.6666666666666666,1.0,1
146,0,0.8314606741573034,0.6460674157303371,1.0,1.0,1.0,1
147,0,0.7584269662921348,0.797752808988764,0.8333333333333333,1.0,1.0,1
148,0,0.6685393258426966,0.7078651685393258,0.5,0.8333333333333333,1.0,1
149,0,0.7528089887640449,0.7584269662921348,1.0,0.6666666666666666,1.0,1
150,0,0.6460674157303371,0.797752808988764,1.0,1.0,1.0,1
151,0,0.8314606741573034,0.7584269662921348,1.0,0.8333333333333333,1.0,1
152,0,0.7078651685393258,0.6460674157303371,0.8333333333333333,1.0,1.0,1
153,0,0.6685393258426966,0.7528089887640449,0.5,1.0,1.0,1
154,1,0.7584269662921348,0.797752808988764,0.6666666666666666,1.0,0.0,0
155,0,0.7584269662921348,0.7078651685393258,0.8333333333333333,0.8333333333333333,1.0,1
156,0,0.8314606741573034,0.797752808988764,1.0,1.0,1.0,1
157,1,0.6685393258426966,0.7584269662921348,0.5,0.6666666666666666,0.0,0
158,0,0.7528089887640449,0.7078651685393258,1.0,0.8333333333333333,1.0,1
159,1,0.7584269662921348,0.6460674157303371,0.8333333333333333,1.0,0.0,0
160,1,0.797752808988764,0.7584269662921348,1.0,0.6666666666666666,0.0,0
161,0,0.7584269662921348,0.7528089887640449,0.8333333333333333,1.0,1.0,1
162,0,0.6685393258426966,0.8314606741573034,0.5,1.0,1.0,1
163,0,0.6460674157303371,0.7584269662921348,1.0,0.6666666666666666,1.0,1
164,0,0.8314606741573034,0.7528089887640449,1.0,1.0,1.0,1
165,1,0.7078651685393258,0.797752808988764,0.8333333333333333,1.0,0.0,0
166,1,0.7584269662921348,0.7584269662921348,0.8333333333333333,0.6666666666666666,0.0,0
167,0,0.6460674157303371,0.6685393258426966,1.0,0.5,1.0,1
168,1,0.7078651685393258,0.8314606741573034,0.8333333333333333,1.0,0.0,0
169,0,0.797752808988764,0.7528089887640449,1.0,1.0,1.0,1
170,0,0.7584269662921348,0.6685393258426966,0.8333333333333333,0.5,1.0,1
171,0,0.7584269662921348,0.7584269662921348,0.8333333333333333,0.6666666666666666,1.0,1
172,0,0.8314606741573034,0.797752808988764,1.0,1.0,1.0,1
173,0,0.797752808988764,0.7584269662921348,1.0,0.6666666666666666,1.0,1
174,0,0.8314606741573034,0.7584269662921348,1.0,0.8333333333333333,1.0,1
175,0,0.8033707865168539,0.7921348314606741,0.8333333333333333,0.6666666666666666,1.0,1
176,1,0.7865168539325842,0.8314606741573034,0.8333333333333333,0.6666666666666666,0.0,0
177,0,0.8426966292134831,0.797752808988764,0.0,0.8333333333333333,1.0,1
178,0,0.8089887640449438,0.8932584269662921,0.8333333333333333,0.8333333333333333,1.0,1
179,0,0.8089887640449438,0.6123595505617977,0.6666666666666666,0.0,1.0,1
180,0,0.7921348314606741,0.7865168539325842,0.6666666666666666,0.8333333333333333,1.0,1
181,0,0.8089887640449438,0.8314606741573034,0.8333333333333333,0.6666666666666666,1.0,1
182,1,0.797752808988764,0.8932584269662921,0.8333333333333333,0.8333333333333333,0.0,0
183,1,0.8033707865168539,0.8089887640449438,0.8333333333333333,0.6666666666666666,0.0,0
184,0,0.8426966292134831,0.6123595505617977,0.0,0.0,1.0,1
185,1,0.7865168539325842,0.797752808988764,0.8333333333333333,0.8333333333333333,0.0,0
186,1,0.8314606741573034,0.7921348314606741,0.6666666666666666,0.6666666666666666,0.0,0
187,1,0.8932584269662921,0.8426966292134831,0.8333333333333333,0.0,0.0,0
188,0,0.8033707865168539,0.797752808988764,0.8333333333333333,0.8333333333333333,1.0,1
189,1,0.7865168539325842,0.8089887640449438,0.8333333333333333,0.6666666666666666,0.0,0
190,1,0.6123595505617977,0.8089887640449438,0.0,0.8333333333333333,0.0,0
191,1,0.8314606741573034,0.7921348314606741,0.6666666666666666,0.6666666666666666,0.0,0
192,1,0.8033707865168539,0.8426966292134831,0.8333333333333333,0.0,0.0,0
193,0,0.7865168539325842,0.8089887640449438,0.8333333333333333,0.8333333333333333,1.0,1
194,0,0.6123595505617977,0.8932584269662921,0.0,0.8333333333333333,1.0,1
195,1,0.8426966292134831,0.7921348314606741,0.0,0.6666666666666666,0.0,0
196,1,0.8089887640449438,0.8314606741573034,0.6666666666666666,0.6666666666666666,0.0,0
197,1,0.8932584269662921,0.8033707865168539,0.8333333333333333,0.8333333333333333,0.0,0
198,1,0.7921348314606741,0.797752808988764,0.6666666666666666,0.8333333333333333,0.0,0
199,1,0.8089887640449438,0.8089887640449438,0.8333333333333333,0.6666666666666666,0.0,0
200,1,0.8932584269662921,0.7865168539325842,0.8333333333333333,0.8333333333333333,0.0,0
201,1,0.8426966292134831,0.8314606741573034,0.0,0.6666666666666666,0.0,0
202,1,0.8033707865168539,0.6123595505617977,0.8333333333333333,0.0,0.0,0
203,1,0.8089887640449438,0.797752808988764,0.8333333333333333,0.8333333333333333,0.0,0
204,0,0.6123595505617977,0.8033707865168539,0.0,0.8333333333333333,1.0,1
205,1,0.7865168539325842,0.8426966292134831,0.8333333333333333,0.0,0.0,0
206,1,0.7921348314606741,0.8089887640449438,0.6666666666666666,0.8333333333333333,0.0,0
207,1,0.8932584269662921,0.8314606741573034,0.8333333333333333,0.6666666666666666,0.0,0
208,1,0.797752808988764,0.6123595505617977,0.8333333333333333,0.0,0.0,0
209,0,0.8089887640449438,0.8426966292134831,0.8333333333333333,0.0,1.0,1
210,1,0.8089887640449438,0.7921348314606741,0.6666666666666666,0.6666666666666666,0.0,0
211,1,0.6123595505617977,0.8314606741573034,0.0,0.6666666666666666,0.0,0
212,0,0.8033707865168539,0.7865168539325842,0.8333333333333333,0.8333333333333333,1.0,1
213,1,0.8932584269662921,0.8089887640449438,0.8333333333333333,0.6666666666666666,0.0,0
214,1,0.8089887640449438,0.8426966292134831,0.8333333333333333,0.0,0.0,0
215,1,0.7921348314606741,0.7865168539325842,0.6666666666666666,0.8333333333333333,0.0,0
216,0,0.8314606741573034,0.8033707865168539,0.6666666666666666,0.8333333333333333,1.0,1
217,1,0.8932584269662921,0.6123595505617977,0.8333333333333333,0.0,0.0,0
218,1,0.8426966292134831,0.7921348314606741,0.0,0.6666666666666666,0.0,0
219,1,0.7865168539325842,0.8089887640449438,0.8333333333333333,0.8333333333333333,0.0,0
220,1,0.797752808988764,0.8089887640449438,0.8333333333333333,0.6666666666666666,0.0,0
221,0,0.8033707865168539,0.7921348314606741,0.8333333333333333,0.6666666666666666,1.0,1
222,1,0.8932584269662921,0.8089887640449438,0.8333333333333333,0.8333333333333333,0.0,0
223,0,0.8426966292134831,0.797752808988764,0.0,0.8333333333333333,1.0,1
224,0,0.8089887640449438,0.6123595505617977,0.6666666666666666,0.0,1.0,1
225,1,0.8033707865168539,0.8314606741573034,0.8333333333333333,0.6666666666666666,0.0,0
226,0,0.7865168539325842,0.6123595505617977,0.8333333333333333,0.0,1.0,1
227,1,0.8089887640449438,0.8932584269662921,0.6666666666666666,0.8333333333333333,0.0,0
228,1,0.8314606741573034,0.797752808988764,0.6666666666666666,0.8333333333333333,0.0,0
229,0,0.8033707865168539,0.8089887640449438,0.8333333333333333,0.8333333333333333,1.0,1
230,1,0.8426966292134831,0.8089887640449438,0.0,0.6666666666666666,0.0,0
231,1,0.7921348314606741,0.797752808988764,0.6666666666666666,0.8333333333333333,0.0,0
232,0,0.7865168539325842,0.8932584269662921,0.8333333333333333,0.8333333333333333,1.0,1
233,1,0.8089887640449438,0.8089887640449438,0.6666666666666666,0.8333333333333333,0.0,0
234,1,0.8314606741573034,0.8426966292134831,0.6666666666666666,0.0,0.0,0
235,1,0.6123595505617977,0.7865168539325842,0.0,0.8333333333333333,0.0,0
236,0,0.8089887640449438,0.797752808988764,0.6666666666666666,0.8333333333333333,1.0,1
237,0,0.8033707865168539,0.8426966292134831,0.8333333333333333,0.0,1.0,1
238,1,0.6123595505617977,0.7921348314606741,0.0,0.6666666666666666,0.0,0
239,0,0.8932584269662921,0.8314606741573034,0.8333333333333333,0.6666666666666666,1.0,1
240,1,0.7865168539325842,0.8089887640449438,0.8333333333333333,0.6666666666666666,0.0,0
241,0,0.8089887640449438,0.6123595505617977,0.8333333333333333,0.0,1.0,1
242,1,0.8033707865168539,0.797752808988764,0.8333333333333333,0.8333333333333333,0.0,0
243,1,0.7921348314606741,0.8932584269662921,0.6666666666666666,0.8333333333333333,0.0,0
244,1,0.797752808988764,0.8033707865168539,0.8333333333333333,0.8333333333333333,0.0,0
245,1,0.7921348314606741,0.8932584269662921,0.6666666666666666,0.8333333333333333,0.0,0
246,1,0.797752808988764,0.8932584269662921,0.8333333333333333,0.8333333333333333,0.0,0
247,0,0.8033707865168539,0.797752808988764,0.8333333333333333,0.8333333333333333,1.0,1
248,1,0.8595505617977528,0.747191011235955,0.8333333333333333,0.8333333333333333,0.0,0
249,1,0.7134831460674157,0.7752808988764045,0.8333333333333333,0.6666666666666666,0.0,0
250,1,0.7191011235955056,0.747191011235955,0.8333333333333333,0.8333333333333333,0.0,0
251,1,0.6910112359550562,0.8314606741573034,0.6666666666666666,0.8333333333333333,0.0,0
252,1,0.8146067415730337,0.7752808988764045,0.8333333333333333,0.6666666666666666,0.0,0
253,1,0.8595505617977528,0.8146067415730337,0.8333333333333333,0.8333333333333333,0.0,0
254,1,0.6910112359550562,0.7134831460674157,0.6666666666666666,0.8333333333333333,0.0,0
255,0,0.7191011235955056,0.8314606741573034,0.8333333333333333,0.8333333333333333,1.0,1
256,0,0.8146067415730337,0.747191011235955,0.8333333333333333,0.8333333333333333,1.0,1
257,1,0.7134831460674157,0.8146067415730337,0.8333333333333333,0.8333333333333333,0.0,0
258,1,0.8595505617977528,0.7752808988764045,0.8333333333333333,0.6666666666666666,0.0,0
259,1,0.747191011235955,0.6910112359550562,0.8333333333333333,0.6666666666666666,0.0,0
260,0,0.8146067415730337,0.8595505617977528,0.8333333333333333,0.8333333333333333,1.0,1
261,1,0.7191011235955056,0.8314606741573034,0.8333333333333333,0.8333333333333333,0.0,0
262,0,0.6910112359550562,0.7134831460674157,0.6666666666666666,0.8333333333333333,1.0,1
263,0,0.8146067415730337,0.7752808988764045,0.8333333333333333,0.6666666666666666,1.0,1
264,0,0.8595505617977528,0.7191011235955056,0.8333333333333333,0.8333333333333333,1.0,1
265,1,0.8314606741573034,0.7134831460674157,0.8333333333333333,0.8333333333333333,0.0,0
266,0,0.6910112359550562,0.8146067415730337,0.6666666666666666,0.8333333333333333,1.0,1
267,1,0.747191011235955,0.7752808988764045,0.8333333333333333,0.6666666666666666,0.0,0
268,0,0.8146067415730337,0.6910112359550562,0.8333333333333333,0.6666666666666666,1.0,1
269,0,0.7191011235955056,0.8146067415730337,0.8333333333333333,0.8333333333333333,1.0,1
270,0,0.8314606741573034,0.7134831460674157,0.8333333333333333,0.8333333333333333,1.0,1
271,0,0.8146067415730337,0.7752808988764045,0.8333333333333333,0.6666666666666666,1.0,1
272,1,0.8595505617977528,0.7191011235955056,0.8333333333333333,0.8333333333333333,0.0,0
273,1,0.8314606741573034,0.8146067415730337,0.8333333333333333,0.8333333333333333,0.0,0
274,0,0.6910112359550562,0.8595505617977528,0.6666666666666666,0.8333333333333333,1.0,1
275,1,0.7191011235955056,0.7752808988764045,0.8333333333333333,0.6666666666666666,0.0,0
276,0,0.747191011235955,0.8314606741573034,0.8333333333333333,0.8333333333333333,1.0,1
277,1,0.8146067415730337,0.7134831460674157,0.8333333333333333,0.8333333333333333,0.0,0
278,1,0.8146067415730337,0.6910112359550562,0.8333333333333333,0.6666666666666666,0.0,0
279,0,0.7191011235955056,0.7752808988764045,0.8333333333333333,0.6666666666666666,1.0,1
280,0,0.8314606741573034,0.747191011235955,0.8333333333333333,0.8333333333333333,1.0,1
281,0,0.8146067415730337,0.7191011235955056,0.8333333333333333,0.8333333333333333,1.0,1
282,1,0.7752808988764045,0.747191011235955,0.6666666666666666,0.8333333333333333,0.0,0
283,0,0.8314606741573034,0.8595505617977528,0.8333333333333333,0.8333333333333333,1.0,1
284,0,0.7134831460674157,0.8146067415730337,0.8333333333333333,0.8333333333333333,1.0,1
285,0,0.7752808988764045,0.6910112359550562,0.6666666666666666,0.6666666666666666,1.0,1
286,1,0.8146067415730337,0.747191011235955,0.8333333333333333,0.8333333333333333,0.0,0
287,0,0.8595505617977528,0.7134831460674157,0.8333333333333333,0.8333333333333333,1.0,1
288,0,0.8146067415730337,0.7191011235955056,0.8333333333333333,0.8333333333333333,1.0,1
289,0,0.6910112359550562,0.7752808988764045,0.6666666666666666,0.6666666666666666,1.0,1
290,1,0.8146067415730337,0.8314606741573034,0.8333333333333333,0.8333333333333333,0.0,0
291,0,0.747191011235955,0.7191011235955056,0.8333333333333333,0.8333333333333333,1.0,1
292,0,0.8595505617977528,0.8146067415730337,0.8333333333333333,0.8333333333333333,1.0,1
293,0,0.7134831460674157,0.7191011235955056,0.8333333333333333,0.8333333333333333,1.0,1
294,0,0.6910112359550562,0.8314606741573034,0.6666666666666666,0.8333333333333333,1.0,1
295,1,0.8595505617977528,0.747191011235955,0.8333333333333333,0.8333333333333333,0.0,0
296,1,0.8146067415730337,0.8146067415730337,0.8333333333333333,0.8333333333333333,0.0,0
297,0,0.7752808988764045,0.7134831460674157,0.6666666666666666,0.8333333333333333,1.0,1
298,0,0.7191011235955056,0.6910112359550562,0.8333333333333333,0.6666666666666666,1.0,1
299,1,0.8314606741573034,0.8146067415730337,0.8333333333333333,0.8333333333333333,0.0,0
300,1,0.747191011235955,0.8146067415730337,0.8333333333333333,0.8333333333333333,0.0,0
301,1,0.6910112359550562,0.8595505617977528,0.6666666666666666,0.8333333333333333,0.0,0
302,1,0.8146067415730337,0.7191011235955056,0.8333333333333333,0.8333333333333333,0.0,0
303,0,0.747191011235955,0.7134831460674157,0.8333333333333333,0.8333333333333333,1.0,1
304,1,0.7752808988764045,0.8595505617977528,0.6666666666666666,0.8333333333333333,0.0,0
305,0,0.6910112359550562,0.7191011235955056,0.6666666666666666,0.8333333333333333,1.0,1
306,0,0.8146067415730337,0.8314606741573034,0.8333333333333333,0.8333333333333333,1.0,1
307,1,0.8146067415730337,0.747191011235955,0.8333333333333333,0.8333333333333333,0.0,0
308,1,0.7134831460674157,0.8595505617977528,0.8333333333333333,0.8333333333333333,0.0,0
309,0,0.8314606741573034,0.7752808988764045,0.8333333333333333,0.6666666666666666,1.0,1
310,1,0.7134831460674157,0.747191011235955,0.8333333333333333,0.8333333333333333,0.0,0
311,1,0.8595505617977528,0.8314606741573034,0.8333333333333333,0.8333333333333333,0.0,0
312,1,0.8146067415730337,0.7752808988764045,0.8333333333333333,0.6666666666666666,0.0,0
313,0,0.6910112359550562,0.8146067415730337,0.6666666666666666,0.8333333333333333,1.0,1
314,1,0.8314606741573034,0.7752808988764045,0.8333333333333333,0.6666666666666666,0.0,0
315,0,0.7134831460674157,0.7191011235955056,0.8333333333333333,0.8333333333333333,1.0,1
316,1,0.8146067415730337,0.8146067415730337,0.8333333333333333,0.8333333333333333,0.0,0
317,0,0.6910112359550562,0.747191011235955,0.6666666666666666,0.8333333333333333,1.0,1
318,0,0.7134831460674157,0.7752808988764045,0.8333333333333333,0.6666666666666666,1.0,1
319,1,0.8595505617977528,0.747191011235955,0.8333333333333333,0.8333333333333333,0.0,0
320,1,0.8595505617977528,0.7752808988764045,0.8333333333333333,0.6666666666666666,0.0,0
321,0,0.8595505617977528,0.7134831460674157,0.8333333333333333,0.8333333333333333,1.0,1
322,1,0.7808988764044944,0.7752808988764045,0.6666666666666666,0.8333333333333333,0.0,0
323,1,0.8764044943820224,0.7696629213483146,0.8333333333333333,0.8333333333333333,0.0,0
324,1,0.6910112359550562,0.7640449438202247,0.0,0.6666666666666666,0.0,0
325,0,0.8370786516853932,0.7808988764044944,0.8333333333333333,0.6666666666666666,1.0,1
326,0,0.7696629213483146,0.8426966292134831,0.8333333333333333,0.8333333333333333,1.0,1
327,0,0.7640449438202247,0.797752808988764,0.6666666666666666,0.8333333333333333,1.0,1
328,0,0.8764044943820224,0.6910112359550562,0.8333333333333333,0.0,1.0,1
329,1,0.8370786516853932,0.7752808988764045,0.8333333333333333,0.8333333333333333,0.0,0
330,0,0.7696629213483146,0.7808988764044944,0.8333333333333333,0.6666666666666666,1.0,1
331,1,0.797752808988764,0.8426966292134831,0.8333333333333333,0.8333333333333333,0.0,0
332,1,0.7752808988764045,0.8764044943820224,0.8333333333333333,0.8333333333333333,0.0,0
333,0,0.8370786516853932,0.7640449438202247,0.8333333333333333,0.6666666666666666,1.0,1
334,0,0.7808988764044944,0.6910112359550562,0.6666666666666666,0.0,1.0,1
335,0,0.7696629213483146,0.7640449438202247,0.8333333333333333,0.6666666666666666,1.0,1
336,1,0.8764044943820224,0.8426966292134831,0.8333333333333333,0.8333333333333333,0.0,0
337,0,0.7752808988764045,0.6910112359550562,0.8333333333333333,0.0,1.0,1
338,1,0.797752808988764,0.8370786516853932,0.8333333333333333,0.8333333333333333,0.0,0
339,0,0.7640449438202247,0.8426966292134831,0.6666666666666666,0.8333333333333333,1.0,1
340,1,0.797752808988764,0.7752808988764045,0.8333333333333333,0.8333333333333333,0.0,0
341,1,0.7808988764044944,0.8764044943820224,0.6666666666666666,0.8333333333333333,0.0,0
342,1,0.6910112359550562,0.7640449438202247,0.0,0.6666666666666666,0.0,0
343,0,0.8370786516853932,0.7696629213483146,0.8333333333333333,0.8333333333333333,1.0,1
344,0,0.8426966292134831,0.7808988764044944,0.8333333333333333,0.6666666666666666,1.0,1
345,0,0.797752808988764,0.6910112359550562,0.8333333333333333,0.0,1.0,1
346,0,0.7752808988764045,0.8426966292134831,0.8333333333333333,0.8333333333333333,1.0,1
347,1,0.8370786516853932,0.8764044943820224,0.8333333333333333,0.8333333333333333,0.0,0
348,0,0.7696629213483146,0.7808988764044944,0.8333333333333333,0.6666666666666666,1.0,1
349,1,0.7640449438202247,0.797752808988764,0.6666666666666666,0.8333333333333333,0.0,0
350,0,0.8370786516853932,0.8426966292134831,0.8333333333333333,0.8333333333333333,1.0,1
351,1,0.8764044943820224,0.7640449438202247,0.8333333333333333,0.6666666666666666,0.0,0
352,1,0.797752808988764,0.7808988764044944,0.8333333333333333,0.6666666666666666,0.0,0
353,0,0.7752808988764045,0.7696629213483146,0.8333333333333333,0.8333333333333333,1.0,1
354,0,0.6910112359550562,0.8426966292134831,0.0,0.8333333333333333,1.0,1
355,0,0.797752808988764,0.7752808988764045,0.8333333333333333,0.8333333333333333,1.0,1
356,0,0.6910112359550562,0.8370786516853932,0.0,0.8333333333333333,1.0,1
357,0,0.7696629213483146,0.8764044943820224,0.8333333333333333,0.8333333333333333,1.0,1
358,1,0.8426966292134831,0.7752808988764045,0.8333333333333333,0.8333333333333333,0.0,0
359,1,0.7808988764044944,0.7640449438202247,0.6666666666666666,0.6666666666666666,0.0,0
360,1,0.8764044943820224,0.8370786516853932,0.8333333333333333,0.8333333333333333,0.0,0
361,0,0.7696629213483146,0.797752808988764,0.8333333333333333,0.8333333333333333,1.0,1
362,0,0.8426966292134831,0.7640449438202247,0.8333333333333333,0.6666666666666666,1.0,1
363,0,0.7696629213483146,0.6910112359550562,0.8333333333333333,0.0,1.0,1
364,0,0.7752808988764045,0.7808988764044944,0.8333333333333333,0.6666666666666666,1.0,1
365,0,0.8426966292134831,0.797752808988764,0.8333333333333333,0.8333333333333333,1.0,1
366,0,0.8764044943820224,0.7640449438202247,0.8333333333333333,0.6666666666666666,1.0,1
367,0,0.8370786516853932,0.7752808988764045,0.8333333333333333,0.8333333333333333,1.0,1
368,0,0.7808988764044944,0.6910112359550562,0.6666666666666666,0.0,1.0,1
369,1,0.8764044943820224,0.797752808988764,0.8333333333333333,0.8333333333333333,0.0,0
370,0,0.7696629213483146,0.8426966292134831,0.8333333333333333,0.8333333333333333,1.0,1
371,0,0.7640449438202247,0.8370786516853932,0.6666666666666666,0.8333333333333333,1.0,1
372,0,0.6910112359550562,0.8764044943820224,0.0,0.8333333333333333,1.0,1
373,0,0.7808988764044944,0.8370786516853932,0.6666666666666666,0.8333333333333333,1.0,1
374,0,0.7696629213483146,0.7752808988764045,0.8333333333333333,0.8333333333333333,1.0,1
375,1,0.8426966292134831,0.6910112359550562,0.8333333333333333,0.0,0.0,0
376,1,0.797752808988764,0.8370786516853932,0.8333333333333333,0.8333333333333333,0.0,0
377,0,0.7752808988764045,0.7640449438202247,0.8333333333333333,0.6666666666666666,1.0,1
378,1,0.8764044943820224,0.7808988764044944,0.8333333333333333,0.6666666666666666,0.0,0
379,0,0.7640449438202247,0.7696629213483146,0.6666666666666666,0.8333333333333333,1.0,1
380,1,0.6910112359550562,0.797752808988764,0.0,0.8333333333333333,0.0,0
381,1,0.8764044943820224,0.7752808988764045,0.8333333333333333,0.8333333333333333,0.0,0
382,1,0.8426966292134831,0.8370786516853932,0.8333333333333333,0.8333333333333333,0.0,0
383,1,0.7808988764044944,0.797752808988764,0.6666666666666666,0.8333333333333333,0.0,0
384,0,0.6910112359550562,0.7696629213483146,0.0,0.8333333333333333,1.0,1
385,1,0.7640449438202247,0.7752808988764045,0.6666666666666666,0.8333333333333333,0.0,0
386,0,0.8426966292134831,0.7808988764044944,0.8333333333333333,0.6666666666666666,1.0,1
387,1,0.7696629213483146,0.8370786516853932,0.8333333333333333,0.8333333333333333,0.0,0
388,1,0.8764044943820224,0.797752808988764,0.8333333333333333,0.8333333333333333,0.0,0
389,0,0.6910112359550562,0.8370786516853932,0.0,0.8333333333333333,1.0,1
390,1,0.797752808988764,0.7696629213483146,0.8333333333333333,0.8333333333333333,0.0,0
391,0,0.7640449438202247,0.7808988764044944,0.6666666666666666,0.6666666666666666,1.0,1
392,1,0.8764044943820224,0.8426966292134831,0.8333333333333333,0.8333333333333333,0.0,0
393,0,0.7752808988764045,0.6910112359550562,0.8333333333333333,0.0,1.0,1
394,0,0.8426966292134831,0.7696629213483146,0.8333333333333333,0.8333333333333333,1.0,1
395,0,0.6910112359550562,0.8370786516853932,0.0,0.8333333333333333,1.0,1
396,0,0.8370786516853932,0.7696629213483146,0.8333333333333333,0.8333333333333333,1.0,1
397,0,0.7696629213483146,0.8426966292134831,0.8333333333333333,0.8333333333333333,1.0,1
398,0,0.747191011235955,0.8370786516853932,0.8333333333333333,1.0,1.0,1
399,1,0.696629213483146,0.7640449438202247,0.6666666666666666,1.0,0.0,0
400,0,0.8314606741573034,0.8089887640449438,1.0,0.6666666666666666,1.0,1
401,1,0.6853932584269663,0.797752808988764,0.8333333333333333,0.8333333333333333,0.0,0
402,1,0.8370786516853932,0.7640449438202247,1.0,1.0,0.0,0
403,0,0.747191011235955,0.696629213483146,0.8333333333333333,0.6666666666666666,1.0,1
404,1,0.797752808988764,0.8089887640449438,0.8333333333333333,0.6666666666666666,0.0,0
405,0,0.8314606741573034,0.696629213483146,1.0,0.6666666666666666,1.0,1
406,1,0.8089887640449438,0.6853932584269663,0.6666666666666666,0.8333333333333333,0.0,0
407,1,0.8314606741573034,0.797752808988764,1.0,0.8333333333333333,0.0,0
408,1,0.747191011235955,0.7640449438202247,0.8333333333333333,1.0,0.0,0
409,0,0.6853932584269663,0.696629213483146,0.8333333333333333,0.6666666666666666,1.0,1
410,0,0.8370786516853932,0.8314606741573034,1.0,1.0,1.0,1
411,1,0.7640449438202247,0.797752808988764,1.0,0.8333333333333333,0.0,0
412,1,0.8089887640449438,0.747191011235955,0.6666666666666666,0.8333333333333333,0.0,0
413,0,0.8370786516853932,0.696629213483146,1.0,0.6666666666666666,1.0,1
414,0,0.6853932584269663,0.8314606741573034,0.8333333333333333,1.0,1.0,1
415,1,0.7640449438202247,0.8089887640449438,1.0,0.6666666666666666,0.0,0
416,0,0.797752808988764,0.747191011235955,0.8333333333333333,0.8333333333333333,1.0,1
417,1,0.6853932584269663,0.8370786516853932,0.8333333333333333,1.0,0.0,0
418,0,0.8314606741573034,0.747191011235955,1.0,0.8333333333333333,1.0,1
419,0,0.8089887640449438,0.8370786516853932,0.6666666666666666,1.0,1.0,1
420,1,0.696629213483146,0.797752808988764,0.6666666666666666,0.8333333333333333,0.0,0
421,1,0.6853932584269663,0.7640449438202247,0.8333333333333333,1.0,0.0,0
422,1,0.797752808988764,0.747191011235955,0.8333333333333333,0.8333333333333333,0.0,0
423,1,0.696629213483146,0.8314606741573034,0.6666666666666666,1.0,0.0,0
424,1,0.8370786516853932,0.7640449438202247,1.0,1.0,0.0,0
425,0,0.696629213483146,0.747191011235955,0.6666666666666666,0.8333333333333333,1.0,1
426,1,0.8089887640449438,0.8314606741573034,0.6666666666666666,1.0,0.0,0
427,1,0.6853932584269663,0.797752808988764,0.8333333333333333,0.8333333333333333,0.0,0
428,1,0.8089887640449438,0.7640449438202247,0.6666666666666666,1.0,0.0,0
429,1,0.696629213483146,0.6853932584269663,0.6666666666666666,0.8333333333333333,0.0,0
430,1,0.8370786516853932,0.8314606741573034,1.0,1.0,0.0,0
431,1,0.8089887640449438,0.747191011235955,0.6666666666666666,0.8333333333333333,0.0,0
432,0,0.7640449438202247,0.797752808988764,1.0,0.8333333333333333,1.0,1
433,0,0.6853932584269663,0.8370786516853932,0.8333333333333333,1.0,1.0,1
434,0,0.797752808988764,0.8314606741573034,0.8333333333333333,1.0,1.0,1
435,1,0.7640449438202247,0.696629213483146,1.0,0.6666666666666666,0.0,0
436,1,0.6853932584269663,0.8089887640449438,0.8333333333333333,0.6666666666666666,0.0,0
437,1,0.8370786516853932,0.747191011235955,1.0,0.8333333333333333,0.0,0
438,1,0.797752808988764,0.696629213483146,0.8333333333333333,0.6666666666666666,0.0,0
439,0,0.8314606741573034,0.7640449438202247,1.0,1.0,1.0,1
440,0,0.6853932584269663,0.747191011235955,0.8333333333333333,0.8333333333333333,1.0,1
441,0,0.8370786516853932,0.797752808988764,1.0,0.8333333333333333,1.0,1
442,1,0.696629213483146,0.8089887640449438,0.6666666666666666,0.6666666666666666,0.0,0
443,0,0.7640449438202247,0.6853932584269663,1.0,0.8333333333333333,1.0,1
444,1,0.8314606741573034,0.747191011235955,1.0,0.8333333333333333,0.0,0
445,1,0.8089887640449438,0.8370786516853932,0.6666666666666666,1.0,0.0,0
446,1,0.747191011235955,0.7640449438202247,0.8333333333333333,1.0,0.0,0
447,1,0.8314606741573034,0.6853932584269663,1.0,0.8333333333333333,0.0,0
448,1,0.8370786516853932,0.696629213483146,1.0,0.6666666666666666,0.0,0
449,1,0.8089887640449438,0.797752808988764,0.6666666666666666,0.8333333333333333,0.0,0
450,1,0.7640449438202247,0.8314606741573034,1.0,1.0,0.0,0
451,1,0.6853932584269663,0.747191011235955,0.8333333333333333,0.8333333333333333,0.0,0
452,1,0.696629213483146,0.8089887640449438,0.6666666666666666,0.6666666666666666,0.0,0
453,1,0.797752808988764,0.8370786516853932,0.8333333333333333,1.0,0.0,0
454,1,0.747191011235955,0.8089887640449438,0.8333333333333333,0.6666666666666666,0.0,0
455,1,0.8370786516853932,0.8314606741573034,1.0,1.0,0.0,0
456,1,0.8089887640449438,0.8314606741573034,0.6666666666666666,1.0,0.0,0
457,1,0.8089887640449438,0.747191011235955,0.6666666666666666,0.8333333333333333,0.0,0
458,1,0.8370786516853932,0.7865168539325842,0.6666666666666666,0.8333333333333333,0.0,0
459,1,0.8820224719101123,0.7921348314606741,0.8333333333333333,0.5,0.0,0
460,1,0.7752808988764045,0.9325842696629213,0.8333333333333333,1.0,0.0,0
461,0,0.8820224719101123,0.7752808988764045,0.8333333333333333,0.6666666666666666,1.0,1
462,1,0.7865168539325842,0.797752808988764,0.8333333333333333,0.6666666666666666,0.0,0
463,1,0.7921348314606741,0.7752808988764045,0.5,0.8333333333333333,0.0,0
464,1,0.9325842696629213,0.8370786516853932,1.0,0.6666666666666666,0.0,0
465,1,0.797752808988764,0.7752808988764045,0.6666666666666666,0.6666666666666666,0.0,0
466,0,0.8370786516853932,0.7752808988764045,0.6666666666666666,0.8333333333333333,1.0,1
467,1,0.8820224719101123,0.7865168539325842,0.8333333333333333,0.8333333333333333,0.0,0
468,0,0.9325842696629213,0.7921348314606741,1.0,0.5,1.0,1
469,1,0.7752808988764045,0.7752808988764045,0.6666666666666666,0.8333333333333333,0.0,0
470,0,0.8370786516853932,0.8820224719101123,0.6666666666666666,0.8333333333333333,1.0,1
471,0,0.7921348314606741,0.7752808988764045,0.5,0.6666666666666666,1.0,1
472,1,0.9325842696629213,0.7865168539325842,1.0,0.8333333333333333,0.0,0
473,0,0.8820224719101123,0.7752808988764045,0.8333333333333333,0.8333333333333333,1.0,1
474,1,0.8370786516853932,0.797752808988764,0.6666666666666666,0.6666666666666666,0.0,0
475,1,0.7921348314606741,0.7865168539325842,0.5,0.8333333333333333,0.0,0
476,1,0.7752808988764045,0.9325842696629213,0.8333333333333333,1.0,0.0,0
477,1,0.7752808988764045,0.7865168539325842,0.6666666666666666,0.8333333333333333,0.0,0
478,1,0.8820224719101123,0.797752808988764,0.8333333333333333,0.6666666666666666,0.0,0
479,1,0.7921348314606741,0.8370786516853932,0.5,0.6666666666666666,0.0,0
480,1,0.7752808988764045,0.797752808988764,0.8333333333333333,0.6666666666666666,0.0,0
481,0,0.8370786516853932,0.7752808988764045,0.6666666666666666,0.6666666666666666,1.0,1
482,0,0.8820224719101123,0.9325842696629213,0.8333333333333333,1.0,1.0,1
483,1,0.7921348314606741,0.797752808988764,0.5,0.6666666666666666,0.0,0
484,1,0.7752808988764045,0.9325842696629213,0.6666666666666666,1.0,0.0,0
485,0,0.7865168539325842,0.7921348314606741,0.8333333333333333,0.5,1.0,1
486,1,0.797752808988764,0.7752808988764045,0.6666666666666666,0.8333333333333333,0.0,0
487,1,0.8820224719101123,0.7865168539325842,0.8333333333333333,0.8333333333333333,0.0,0
488,1,0.9325842696629213,0.7921348314606741,1.0,0.5,0.0,0
489,1,0.8370786516853932,0.7752808988764045,0.6666666666666666,0.8333333333333333,0.0,0
490,1,0.7865168539325842,0.797752808988764,0.8333333333333333,0.6666666666666666,0.0,0
491,1,0.7752808988764045,0.8820224719101123,0.6666666666666666,0.8333333333333333,0.0,0
492,0,0.8370786516853932,0.9325842696629213,0.6666666666666666,1.0,1.0,1
493,1,0.7752808988764045,0.7921348314606741,0.8333333333333333,0.5,0.0,0
494,0,0.8820224719101123,0.797752808988764,0.8333333333333333,0.6666666666666666,1.0,1
495,1,0.7865168539325842,0.7752808988764045,0.8333333333333333,0.6666666666666666,0.0,0
496,0,0.7921348314606741,0.8370786516853932,0.5,0.6666666666666666,1.0,1
497,1,0.797752808988764,0.9325842696629213,0.6666666666666666,1.0,0.0,0
498,1,0.7752808988764045,0.7752808988764045,0.6666666666666666,0.8333333333333333,0.0,0
499,0,0.8820224719101123,0.8370786516853932,0.8333333333333333,0.6666666666666666,1.0,1
500,0,0.9325842696629213,0.7865168539325842,1.0,0.8333333333333333,1.0,1
501,0,0.7752808988764045,0.7921348314606741,0.6666666666666666,0.5,1.0,1
502,0,0.797752808988764,0.8370786516853932,0.6666666666666666,0.6666666666666666,1.0,1
503,0,0.8820224719101123,0.7752808988764045,0.8333333333333333,0.8333333333333333,1.0,1
504,0,0.7752808988764045,0.9325842696629213,0.6666666666666666,1.0,1.0,1
505,0,0.8820224719101123,0.7921348314606741,0.8333333333333333,0.5,1.0,1
506,1,0.9325842696629213,0.797752808988764,1.0,0.6666666666666666,0.0,0
507,1,0.8370786516853932,0.7865168539325842,0.6666666666666666,0.8333333333333333,0.0,0
508,0,0.7752808988764045,0.797752808988764,0.6666666666666666,0.6666666666666666,1.0,1
509,0,0.9325842696629213,0.8820224719101123,1.0,0.8333333333333333,1.0,1
510,0,0.7752808988764045,0.7865168539325842,0.8333333333333333,0.8333333333333333,1.0,1
511,1,0.7921348314606741,0.797752808988764,0.5,0.6666666666666666,0.0,0
512,0,0.7752808988764045,0.8370786516853932,0.6666666666666666,0.6666666666666666,1.0,1
513,0,0.8370786516853932,0.8820224719101123,0.6666666666666666,0.8333333333333333,1.0,1
514,0,0.797752808988764,0.7752808988764045,0.6666666666666666,0.8333333333333333,1.0,1
515,1,0.797752808988764,0.8820224719101123,0.6666666666666666,0.8333333333333333,0.0,0
516,1,0.8370786516853932,0.8820224719101123,0.6666666666666666,0.8333333333333333,0.0,0
517,0,0.9157303370786517,0.6797752808988764,0.8333333333333333,0.0,1.0,1
518,1,0.8258426966292135,0.8370786516853932,0.8333333333333333,0.8333333333333333,0.0,0
519,1,0.7078651685393258,0.8764044943820224,0.6666666666666666,0.0,0.0,0
520,1,0.7640449438202247,0.848314606741573,1.0,0.8333333333333333,0.0,0
521,1,0.8370786516853932,0.9157303370786517,0.8333333333333333,0.8333333333333333,0.0,0
522,0,0.6797752808988764,0.8764044943820224,0.0,0.0,1.0,1
523,1,0.7078651685393258,0.8258426966292135,0.6666666666666666,0.8333333333333333,0.0,0
524,0,0.848314606741573,0.8370786516853932,0.8333333333333333,0.8333333333333333,1.0,1
525,1,0.9157303370786517,0.8764044943820224,0.8333333333333333,0.0,0.0,0
526,0,0.6797752808988764,0.7078651685393258,0.0,0.6666666666666666,1.0,1
527,1,0.7640449438202247,0.8258426966292135,1.0,0.8333333333333333,0.0,0
528,1,0.9157303370786517,0.848314606741573,0.8333333333333333,0.8333333333333333,0.0,0
529,1,0.7078651685393258,0.8370786516853932,0.6666666666666666,0.8333333333333333,0.0,0
530,1,0.7640449438202247,0.9157303370786517,1.0,0.8333333333333333,0.0,0
531,1,0.8764044943820224,0.848314606741573,0.0,0.8333333333333333,0.0,0
532,1,0.7640449438202247,0.6797752808988764,1.0,0.0,0.0,0
533,1,0.8258426966292135,0.9157303370786517,0.8333333333333333,0.8333333333333333,0.0,0
534,1,0.7078651685393258,0.848314606741573,0.6666666666666666,0.8333333333333333,0.0,0
535,0,0.7640449438202247,0.8764044943820224,1.0,0.0,1.0,1
536,1,0.6797752808988764,0.8370786516853932,0.0,0.8333333333333333,0.0,0
537,1,0.9157303370786517,0.7078651685393258,0.8333333333333333,0.6666666666666666,0.0,0
538,1,0.848314606741573,0.6797752808988764,0.8333333333333333,0.0,0.0,0
539,1,0.8764044943820224,0.8258426966292135,0.0,0.8333333333333333,0.0,0
540,1,0.8370786516853932,0.9157303370786517,0.8333333333333333,0.8333333333333333,0.0,0
541,1,0.6797752808988764,0.8764044943820224,0.0,0.0,0.0,0
542,1,0.8258426966292135,0.8370786516853932,0.8333333333333333,0.8333333333333333,0.0,0
543,1,0.848314606741573,0.7640449438202247,0.8333333333333333,1.0,0.0,0
544,1,0.7078651685393258,0.8764044943820224,0.6666666666666666,0.0,0.0,0
545,1,0.6797752808988764,0.9157303370786517,0.0,0.8333333333333333,0.0,0
546,1,0.7640449438202247,0.8370786516853932,1.0,0.8333333333333333,0.0,0
547,1,0.8764044943820224,0.8258426966292135,0.0,0.8333333333333333,0.0,0
548,1,0.8370786516853932,0.7078651685393258,0.8333333333333333,0.6666666666666666,0.0,0
549,1,0.8258426966292135,0.6797752808988764,0.8333333333333333,0.0,0.0,0
550,1,0.8764044943820224,0.848314606741573,0.0,0.8333333333333333,0.0,0
551,1,0.6797752808988764,0.7640449438202247,0.0,1.0,0.0,0
552,1,0.7078651685393258,0.8258426966292135,0.6666666666666666,0.8333333333333333,0.0,0
553,1,0.848314606741573,0.9157303370786517,0.8333333333333333,0.8333333333333333,0.0,0
554,1,0.8370786516853932,0.8764044943820224,0.8333333333333333,0.0,0.0,0
555,1,0.7640449438202247,0.7078651685393258,1.0,0.6666666666666666,0.0,0
556,0,0.848314606741573,0.6797752808988764,0.8333333333333333,0.0,1.0,1
557,1,0.7640449438202247,0.9157303370786517,1.0,0.8333333333333333,0.0,0
558,1,0.848314606741573,0.8258426966292135,0.8333333333333333,0.8333333333333333,0.0,0
559,0,0.9157303370786517,0.7078651685393258,0.8333333333333333,0.6666666666666666,1.0,1
560,1,0.7640449438202247,0.8764044943820224,1.0,0.0,0.0,0
561,0,0.6797752808988764,0.8370786516853932,0.0,0.8333333333333333,1.0,1
562,0,0.7078651685393258,0.848314606741573,0.6666666666666666,0.8333333333333333,1.0,1
563,1,0.9157303370786517,0.8258426966292135,0.8333333333333333,0.8333333333333333,0.0,0
564,1,0.8370786516853932,0.7640449438202247,0.8333333333333333,1.0,0.0,0
565,1,0.8258426966292135,0.6797752808988764,0.8333333333333333,0.0,0.0,0
566,1,0.7640449438202247,0.7078651685393258,1.0,0.6666666666666666,0.0,0
567,1,0.8370786516853932,0.8764044943820224,0.8333333333333333,0.0,0.0,0
568,1,0.848314606741573,0.8258426966292135,0.8333333333333333,0.8333333333333333,0.0,0
569,0,0.7078651685393258,0.6797752808988764,0.6666666666666666,0.0,1.0,1
570,1,0.9157303370786517,0.8764044943820224,0.8333333333333333,0.0,0.0,0
571,1,0.8370786516853932,0.848314606741573,0.8333333333333333,0.8333333333333333,0.0,0
572,1,0.8258426966292135,0.7640449438202247,0.8333333333333333,1.0,0.0,0
573,1,0.8764044943820224,0.7640449438202247,0.0,1.0,0.0,0
574,1,0.848314606741573,0.8370786516853932,0.8333333333333333,0.8333333333333333,0.0,0
575,1,0.8764044943820224,0.848314606741573,0.0,0.8333333333333333,0.0,0
576,0,0.848314606741573,0.7640449438202247,0.8333333333333333,1.0,1.0,1
577,1,0.8370786516853932,1.0,0.8333333333333333,0.8333333333333333,0.0,0
578,1,0.8370786516853932,0.7865168539325842,0.6666666666666666,0.8333333333333333,0.0,0
579,1,0.8089887640449438,0.797752808988764,0.6666666666666666,0.8333333333333333,0.0,0
580,1,0.7865168539325842,0.8202247191011236,0.8333333333333333,0.6666666666666666,0.0,0
581,0,1.0,0.797752808988764,0.8333333333333333,0.6666666666666666,1.0,1
582,1,0.8089887640449438,0.8370786516853932,0.6666666666666666,0.8333333333333333,0.0,0
583,1,0.797752808988764,0.8370786516853932,0.8333333333333333,0.6666666666666666,0.0,0
584,0,1.0,0.8202247191011236,0.8333333333333333,0.6666666666666666,1.0,1
585,1,0.797752808988764,0.7865168539325842,0.6666666666666666,0.8333333333333333,0.0,0
586,1,0.8370786516853932,0.8370786516853932,0.8333333333333333,0.6666666666666666,0.0,0
587,1,0.8202247191011236,0.797752808988764,0.6666666666666666,0.8333333333333333,0.0,0
588,1,1.0,0.8370786516853932,0.8333333333333333,0.6666666666666666,0.0,0
589,1,0.7865168539325842,0.8089887640449438,0.8333333333333333,0.6666666666666666,0.0,0
590,1,0.797752808988764,0.8370786516853932,0.8333333333333333,0.8333333333333333,0.0,0
591,0,0.797752808988764,0.8202247191011236,0.6666666666666666,0.6666666666666666,1.0,1
592,1,0.8089887640449438,0.8370786516853932,0.6666666666666666,0.6666666666666666,0.0,0
593,1,0.7865168539325842,1.0,0.8333333333333333,0.8333333333333333,0.0,0
594,0,0.797752808988764,0.797752808988764,0.6666666666666666,0.8333333333333333,1.0,1
595,1,0.8370786516853932,0.8202247191011236,0.8333333333333333,0.6666666666666666,0.0,0
596,1,1.0,0.8089887640449438,0.8333333333333333,0.6666666666666666,0.0,0
597,0,0.8370786516853932,0.797752808988764,0.8333333333333333,0.6666666666666666,1.0,1
598,1,0.8202247191011236,0.8370786516853932,0.6666666666666666,0.6666666666666666,0.0,0
599,1,0.797752808988764,0.8089887640449438,0.8333333333333333,0.6666666666666666,0.0,0
600,1,0.8370786516853932,0.797752808988764,0.6666666666666666,0.6666666666666666,0.0,0
601,1,0.8370786516853932,0.7865168539325842,0.8333333333333333,0.8333333333333333,0.0,0
602,1,0.8202247191011236,0.8089887640449438,0.6666666666666666,0.6666666666666666,0.0,0
603,1,0.797752808988764,1.0,0.8333333333333333,0.8333333333333333,0.0,0
604,1,0.7865168539325842,0.8370786516853932,0.8333333333333333,0.6666666666666666,0.0,0
605,1,0.7865168539325842,0.797752808988764,0.8333333333333333,0.8333333333333333,0.0,0
606,1,1.0,0.8089887640449438,0.8333333333333333,0.6666666666666666,0.0,0
607,1,0.797752808988764,0.797752808988764,0.6666666666666666,0.8333333333333333,0.0,0
608,1,0.8370786516853932,0.8202247191011236,0.8333333333333333,0.6666666666666666,0.0,0
609,1,0.7865168539325842,1.0,0.8333333333333333,0.8333333333333333,0.0,0
610,0,0.8089887640449438,0.8370786516853932,0.6666666666666666,0.6666666666666666,1.0,1
611,1,0.797752808988764,0.8202247191011236,0.6666666666666666,0.6666666666666666,0.0,0
612,1,0.8370786516853932,0.797752808988764,0.8333333333333333,0.8333333333333333,0.0,0
613,0,1.0,0.8370786516853932,0.8333333333333333,0.6666666666666666,1.0,1
614,1,0.8089887640449438,0.7865168539325842,0.6666666666666666,0.8333333333333333,0.0,0
615,1,0.8370786516853932,0.797752808988764,0.8333333333333333,0.6666666666666666,0.0,0
616,1,0.797752808988764,0.7865168539325842,0.8333333333333333,0.8333333333333333,0.0,0
617,1,0.8089887640449438,0.797752808988764,0.6666666666666666,0.6666666666666666,0.0,0
618,1,0.8202247191011236,1.0,0.6666666666666666,0.8333333333333333,0.0,0
619,1,0.7865168539325842,0.8370786516853932,0.8333333333333333,0.8333333333333333,0.0,0
620,1,0.8370786516853932,0.797752808988764,0.6666666666666666,0.6666666666666666,0.0,0
621,1,1.0,0.797752808988764,0.8333333333333333,0.8333333333333333,0.0,0
622,1,0.8202247191011236,0.8089887640449438,0.6666666666666666,0.6666666666666666,0.0,0
623,0,0.8370786516853932,0.8370786516853932,0.6666666666666666,0.8333333333333333,1.0,1
624,1,0.8202247191011236,0.797752808988764,0.6666666666666666,0.8333333333333333,0.0,0
625,1,0.8089887640449438,0.797752808988764,0.6666666666666666,0.6666666666666666,0.0,0
626,1,0.8202247191011236,0.8370786516853932,0.6666666666666666,0.6666666666666666,0.0,0
627,0,0.797752808988764,0.7865168539325842,0.6666666666666666,0.8333333333333333,1.0,1
628,1,0.8089887640449438,0.8370786516853932,0.6666666666666666,0.8333333333333333,0.0,0
629,1,0.8370786516853932,0.797752808988764,0.6666666666666666,0.8333333333333333,0.0,0
630,1,0.8202247191011236,0.7865168539325842,0.6666666666666666,0.8333333333333333,0.0,0
631,0,1.0,0.797752808988764,0.8333333333333333,0.6666666666666666,1.0,1
632,1,0.7865168539325842,0.8370786516853932,0.8333333333333333,0.6666666666666666,0.0,0
633,1,0.8370786516853932,0.797752808988764,0.8333333333333333,0.8333333333333333,0.0,0
634,1,0.797752808988764,0.8370786516853932,0.8333333333333333,0.6666666666666666,0.0,0
635,0,0.8370786516853932,0.7865168539325842,0.6666666666666666,0.8333333333333333,1.0,1
636,1,0.8202247191011236,0.949438202247191,0.8333333333333333,0.0,0.0,0
637,1,0.8539325842696629,0.8370786516853932,0.6666666666666666,0.8333333333333333,0.0,0
638,1,0.7584269662921348,0.8258426966292135,0.8333333333333333,0.8333333333333333,0.0,0
639,1,0.7022471910112359,0.9044943820224719,0.0,1.0,0.0,0
640,1,0.8258426966292135,0.949438202247191,0.8333333333333333,0.0,0.0,0
641,1,0.7022471910112359,0.8539325842696629,0.0,0.6666666666666666,0.0,0
642,1,0.8202247191011236,0.9044943820224719,0.8333333333333333,1.0,0.0,0
643,1,0.8370786516853932,0.7584269662921348,0.8333333333333333,0.8333333333333333,0.0,0
644,1,0.8202247191011236,0.8539325842696629,0.8333333333333333,0.6666666666666666,0.0,0
645,1,0.8258426966292135,0.9044943820224719,0.8333333333333333,1.0,0.0,0
646,1,0.7022471910112359,0.7584269662921348,0.0,0.8333333333333333,0.0,0
647,1,0.8370786516853932,0.949438202247191,0.8333333333333333,0.0,0.0,0
648,1,0.8258426966292135,0.8539325842696629,0.8333333333333333,0.6666666666666666,0.0,0
649,1,0.8202247191011236,0.7584269662921348,0.8333333333333333,0.8333333333333333,0.0,0
650,1,0.7022471910112359,0.8258426966292135,0.0,0.8333333333333333,0.0,0
651,0,0.8370786516853932,0.9044943820224719,0.8333333333333333,1.0,1.0,1
652,1,0.949438202247191,0.7022471910112359,0.0,0.0,0.0,0
653,1,0.8258426966292135,0.8370786516853932,0.8333333333333333,0.8333333333333333,0.0,0
654,1,0.8539325842696629,0.7584269662921348,0.6666666666666666,0.8333333333333333,0.0,0
655,1,0.949438202247191,0.9044943820224719,0.0,1.0,0.0,0
656,0,0.8202247191011236,0.7022471910112359,0.8333333333333333,0.0,1.0,1
657,1,0.8370786516853932,0.8539325842696629,0.8333333333333333,0.6666666666666666,0.0,0
658,1,0.9044943820224719,0.8202247191011236,1.0,0.8333333333333333,0.0,0
659,1,0.7584269662921348,0.949438202247191,0.8333333333333333,0.0,0.0,0
660,1,0.9044943820224719,0.8370786516853932,1.0,0.8333333333333333,0.0,0
661,1,0.8539325842696629,0.8258426966292135,0.6666666666666666,0.8333333333333333,0.0,0
662,1,0.949438202247191,0.8202247191011236,0.0,0.8333333333333333,0.0,0
663,0,0.9044943820224719,0.7022471910112359,1.0,0.0,1.0,1
664,1,0.7584269662921348,0.8258426966292135,0.8333333333333333,0.8333333333333333,0.0,0
665,1,0.949438202247191,0.8539325842696629,0.0,0.6666666666666666,0.0,0
666,1,0.7584269662921348,0.8202247191011236,0.8333333333333333,0.8333333333333333,0.0,0
667,1,0.8539325842696629,0.7022471910112359,0.6666666666666666,0.0,0.0,0
668,1,0.949438202247191,0.8258426966292135,0.0,0.8333333333333333,0.0,0
669,1,0.8370786516853932,0.8202247191011236,0.8333333333333333,0.8333333333333333,0.0,0
670,1,0.7584269662921348,0.949438202247191,0.8333333333333333,0.0,0.0,0
671,0,0.8539325842696629,0.9044943820224719,0.6666666666666666,1.0,1.0,1
672,1,0.8202247191011236,0.8258426966292135,0.8333333333333333,0.8333333333333333,0.0,0
673,1,0.7022471910112359,0.8370786516853932,0.0,0.8333333333333333,0.0,0
674,1,0.9044943820224719,0.7584269662921348,1.0,0.8333333333333333,0.0,0
675,0,0.7022471910112359,0.8370786516853932,0.0,0.8333333333333333,1.0,1
676,1,0.8202247191011236,0.8258426966292135,0.8333333333333333,0.8333333333333333,0.0,0
677,0,0.8539325842696629,0.9044943820224719,0.6666666666666666,1.0,1.0,1
678,0,0.949438202247191,0.7022471910112359,0.0,0.0,1.0,1
679,1,0.8258426966292135,0.8370786516853932,0.8333333333333333,0.8333333333333333,0.0,0
680,1,0.8539325842696629,0.7584269662921348,0.6666666666666666,0.8333333333333333,0.0,0
681,1,0.9044943820224719,0.949438202247191,1.0,0.0,0.0,0
682,1,0.8202247191011236,0.7022471910112359,0.8333333333333333,0.0,0.0,0
683,1,0.8370786516853932,0.7584269662921348,0.8333333333333333,0.8333333333333333,0.0,0
684,1,0.7022471910112359,0.8258426966292135,0.0,0.8333333333333333,0.0,0
685,1,0.8202247191011236,0.8370786516853932,0.8333333333333333,0.8333333333333333,0.0,0
686,1,0.7584269662921348,0.9044943820224719,0.8333333333333333,1.0,0.0,0
687,1,0.8539325842696629,0.949438202247191,0.6666666666666666,0.0,0.0,0
688,0,0.7022471910112359,0.7584269662921348,0.0,0.8333333333333333,1.0,1
689,0,0.9044943820224719,0.8258426966292135,1.0,0.8333333333333333,1.0,1
690,0,0.8539325842696629,0.8202247191011236,0.6666666666666666,0.8333333333333333,1.0,1
691,1,0.8370786516853932,0.949438202247191,0.8333333333333333,0.0,0.0,0
692,1,0.9044943820224719,0.949438202247191,1.0,0.0,0.0,0
693,1,0.8258426966292135,0.7022471910112359,0.8333333333333333,0.0,0.0,0
694,1,0.9044943820224719,0.8258426966292135,1.0,0.8333333333333333,0.0,0
695,1,0.9044943820224719,0.949438202247191,1.0,0.0,0.0,0
696,1,0.9269662921348314,0.9831460674157303,0.8333333333333333,0.8333333333333333,0.0,0
697,1,0.898876404494382,0.9662921348314606,0.8333333333333333,0.8333333333333333,0.0,0
698,1,0.9382022471910112,0.9550561797752809,0.8333333333333333,1.0,0.0,0
699,1,0.8820224719101123,0.8820224719101123,0.8333333333333333,0.8333333333333333,0.0,0
700,0,0.9382022471910112,0.9831460674157303,0.8333333333333333,0.8333333333333333,1.0,1
701,1,0.9662921348314606,0.8820224719101123,0.8333333333333333,0.8333333333333333,0.0,0
702,1,0.9550561797752809,0.9269662921348314,1.0,0.8333333333333333,0.0,0
703,0,0.8820224719101123,0.898876404494382,0.8333333333333333,0.8333333333333333,1.0,1
704,1,0.9550561797752809,0.8820224719101123,1.0,0.8333333333333333,0.0,0
705,1,0.9662921348314606,0.9382022471910112,0.8333333333333333,0.8333333333333333,0.0,0
706,1,0.898876404494382,0.9269662921348314,0.8333333333333333,0.8333333333333333,0.0,0
707,1,0.9831460674157303,0.8820224719101123,0.8333333333333333,0.8333333333333333,0.0,0
708,1,0.8820224719101123,0.9382022471910112,0.8333333333333333,0.8333333333333333,0.0,0
709,1,0.9269662921348314,0.8820224719101123,0.8333333333333333,0.8333333333333333,0.0,0
710,1,0.9550561797752809,0.9831460674157303,1.0,0.8333333333333333,0.0,0
711,1,0.9382022471910112,0.898876404494382,0.8333333333333333,0.8333333333333333,0.0,0
712,1,0.9269662921348314,0.9662921348314606,0.8333333333333333,0.8333333333333333,0.0,0
713,0,0.9831460674157303,0.8820224719101123,0.8333333333333333,0.8333333333333333,1.0,1
714,1,0.9550561797752809,0.898876404494382,1.0,0.8333333333333333,0.0,0
715,1,0.9269662921348314,0.9382022471910112,0.8333333333333333,0.8333333333333333,0.0,0
716,1,0.8820224719101123,0.9662921348314606,0.8333333333333333,0.8333333333333333,0.0,0
717,1,0.898876404494382,0.8820224719101123,0.8333333333333333,0.8333333333333333,0.0,0
718,1,0.9662921348314606,0.9831460674157303,0.8333333333333333,0.8333333333333333,0.0,0
719,1,0.8820224719101123,0.9550561797752809,0.8333333333333333,1.0,0.0,0
720,1,0.8820224719101123,0.9831460674157303,0.8333333333333333,0.8333333333333333,0.0,0
721,1,0.9662921348314606,0.9382022471910112,0.8333333333333333,0.8333333333333333,0.0,0
722,1,0.9550561797752809,0.8820224719101123,1.0,0.8333333333333333,0.0,0
723,1,0.8820224719101123,0.9269662921348314,0.8333333333333333,0.8333333333333333,0.0,0
724,1,0.9662921348314606,0.9831460674157303,0.8333333333333333,0.8333333333333333,0.0,0
725,1,0.9382022471910112,0.898876404494382,0.8333333333333333,0.8333333333333333,0.0,0
726,1,0.9269662921348314,0.9550561797752809,0.8333333333333333,1.0,0.0,0
727,1,0.8820224719101123,0.8820224719101123,0.8333333333333333,0.8333333333333333,0.0,0
728,0,0.9831460674157303,0.898876404494382,0.8333333333333333,0.8333333333333333,1.0,1
729,0,0.9550561797752809,0.9382022471910112,1.0,0.8333333333333333,1.0,1
730,1,0.9269662921348314,0.9662921348314606,0.8333333333333333,0.8333333333333333,0.0,0
731,1,0.9550561797752809,0.8820224719101123,1.0,0.8333333333333333,0.0,0
732,1,0.8820224719101123,0.9382022471910112,0.8333333333333333,0.8333333333333333,0.0,0
733,1,0.9662921348314606,0.898876404494382,0.8333333333333333,0.8333333333333333,0.0,0
734,1,0.9269662921348314,0.9831460674157303,0.8333333333333333,0.8333333333333333,0.0,0
735,1,0.8820224719101123,0.9382022471910112,0.8333333333333333,0.8333333333333333,0.0,0
736,1,0.898876404494382,0.9831460674157303,0.8333333333333333,0.8333333333333333,0.0,0
737,1,0.9269662921348314,0.8820224719101123,0.8333333333333333,0.8333333333333333,0.0,0
738,1,0.9662921348314606,0.8820224719101123,0.8333333333333333,0.8333333333333333,0.0,0
739,1,0.9550561797752809,0.9831460674157303,1.0,0.8333333333333333,0.0,0
740,1,0.898876404494382,0.8820224719101123,0.8333333333333333,0.8333333333333333,0.0,0
741,0,0.9382022471910112,0.9269662921348314,0.8333333333333333,0.8333333333333333,1.0,1
742,1,0.9662921348314606,0.9550561797752809,0.8333333333333333,1.0,0.0,0
743,1,0.898876404494382,0.8820224719101123,0.8333333333333333,0.8333333333333333,0.0,0
744,1,0.9269662921348314,0.8820224719101123,0.8333333333333333,0.8333333333333333,0.0,0
745,1,0.9831460674157303,0.9382022471910112,0.8333333333333333,0.8333333333333333,0.0,0
746,0,0.9550561797752809,0.898876404494382,1.0,0.8333333333333333,1.0,1
747,1,0.8820224719101123,0.9662921348314606,0.8333333333333333,0.8333333333333333,0.0,0
748,0,0.8820224719101123,0.9382022471910112,0.8333333333333333,0.8333333333333333,1.0,1
749,1,0.898876404494382,0.9269662921348314,0.8333333333333333,0.8333333333333333,0.0,0
750,1,0.9831460674157303,0.8820224719101123,0.8333333333333333,0.8333333333333333,0.0,0
751,1,0.9662921348314606,0.9550561797752809,0.8333333333333333,1.0,0.0,0
752,0,0.9831460674157303,0.9550561797752809,0.8333333333333333,1.0,1.0,1
753,1,0.898876404494382,0.9382022471910112,0.8333333333333333,0.8333333333333333,0.0,0
754,1,0.9382022471910112,0.9831460674157303,0.8333333333333333,0.8333333333333333,0.0,0
755,0,0.9550561797752809,0.9831460674157303,1.0,0.8333333333333333,1.0,1
